seed,split,case_id,true_label,predicted_label,correct,prob_class0,prob_class1
0,1,5,1,1,TRUE,0.000000008768624937,1
0,1,14,1,1,TRUE,0.0000000001680858924,1
0,1,19,1,1,TRUE,0.00001622270793,0.9999837875
0,1,25,0,0,TRUE,0.9999842644,0.00001578844785
0,1,27,0,0,TRUE,0.9976596832,0.002340354258
0,1,36,0,0,TRUE,0.9998716116,0.0001283602032
0,1,44,1,1,TRUE,0.159179464,0.8408206105
0,1,49,1,1,TRUE,0.000001291700983,0.9999986887
0,1,54,1,1,TRUE,0.007505932823,0.9924939871
0,1,56,0,1,FALSE,0.08571712673,0.914282918
0,1,66,1,1,TRUE,0.0000000002354022255,1
0,1,72,1,1,TRUE,0.3513502181,0.6486496925
0,1,79,0,0,TRUE,0.9840696454,0.01593042351
0,1,84,1,1,TRUE,0.3388828635,0.6611171365
0,1,90,0,0,TRUE,0.9999884367,0.00001159857948
0,1,92,1,1,TRUE,0.04133038223,0.9586695433
0,1,98,1,1,TRUE,0.0001717563428,0.9998282194
0,1,119,0,0,TRUE,0.999999404,0.0000005758290058
0,2,9,1,0,FALSE,0.9954929352,0.004507023375
0,2,16,1,1,TRUE,0.116877757,0.8831222653
0,2,26,0,1,FALSE,0.2659945488,0.7340054512
0,2,32,1,0,FALSE,0.8513457775,0.1486541927
0,2,40,1,1,TRUE,0.000004387066383,0.9999955893
0,2,45,0,1,FALSE,0.1647195965,0.8352803588
0,2,50,1,1,TRUE,0.03407697752,0.9659230709
0,2,55,1,1,TRUE,0.00000003054136144,1
0,2,60,1,1,TRUE,0.03478666767,0.9652132988
0,2,67,1,1,TRUE,0.0003875711118,0.9996125102
0,2,73,1,1,TRUE,0.001861467725,0.9981385469
0,2,82,0,0,TRUE,0.9994472861,0.0005526494933
0,2,86,0,0,TRUE,0.7038196325,0.2961803377
0,2,91,1,1,TRUE,0.01222390961,0.987776041
0,2,99,1,1,TRUE,0.000003235558097,0.9999967813
0,2,101,1,1,TRUE,0.005405589473,0.9945943952
0,2,109,0,0,TRUE,0.9977795482,0.002220462775
0,2,110,0,0,TRUE,0.9998001456,0.0001998148364
0,2,111,0,0,TRUE,0.986117661,0.01388233062
0,3,7,1,1,TRUE,0,1
0,3,15,1,1,TRUE,0.02573388629,0.9742661715
0,3,22,0,0,TRUE,0.9999154806,0.00008446237916
0,3,28,0,0,TRUE,0.9998424053,0.0001576232753
0,3,38,1,1,TRUE,0.0000026042228,0.9999973774
0,3,41,1,1,TRUE,0.000001321364607,0.9999986887
0,3,46,0,1,FALSE,0.008838636801,0.9911613464
0,3,51,1,1,TRUE,0.01352609042,0.986473918
0,3,57,1,1,TRUE,0.00000002778293684,1
0,3,61,1,1,TRUE,0.2562696934,0.743730247
0,3,68,1,1,TRUE,0.001948906691,0.9980510473
0,3,75,1,1,TRUE,0.02807025425,0.971929729
0,3,85,0,0,TRUE,0.9998496771,0.0001502799569
0,3,87,1,1,TRUE,0.0000009347193668,0.9999990463
0,3,93,0,0,TRUE,0.9653314948,0.03466846421
0,3,100,1,1,TRUE,0.00001231966871,0.9999877214
0,3,104,1,1,TRUE,0.00000005770912637,1
0,3,107,0,0,TRUE,0.9998850822,0.000114927243
0,3,108,0,0,TRUE,0.9986425042,0.001357530127
0,4,3,1,1,TRUE,0.1678766906,0.8321232796
0,4,11,1,1,TRUE,0.01821970195,0.9817803502
0,4,17,1,1,TRUE,0.07391482592,0.9260851741
0,4,21,0,0,TRUE,0.9966649413,0.003335009096
0,4,24,0,0,TRUE,0.9992442131,0.0007558402722
0,4,34,0,0,TRUE,0.9989957213,0.001004268997
0,4,42,1,1,TRUE,0.0009119787719,0.9990880489
0,4,48,1,1,TRUE,0.005295244977,0.994704783
0,4,53,0,0,TRUE,0.9905285239,0.009471472353
0,4,58,1,1,TRUE,0.0001762947359,0.9998237491
0,4,63,1,1,TRUE,0.000008500112926,0.9999915361
0,4,70,1,1,TRUE,0.003650767263,0.9963492155
0,4,77,0,0,TRUE,0.8137047887,0.1862952262
0,4,80,1,1,TRUE,0.000004305414677,0.9999957085
0,4,88,1,1,TRUE,0.02284433506,0.9771556854
0,4,94,0,0,TRUE,0.8879469633,0.1120530218
0,4,97,1,1,TRUE,0.07548413426,0.924515903
0,4,106,1,1,TRUE,0.005670598708,0.9943293929
0,4,118,0,0,TRUE,0.9985314608,0.001468571369
0,5,1,1,1,TRUE,0.4171768427,0.5828231573
0,5,2,0,0,TRUE,0.9996689558,0.0003310219618
0,5,4,0,0,TRUE,0.8770846128,0.1229154095
0,5,12,1,1,TRUE,0.003460248932,0.9965398312
0,5,18,1,0,FALSE,0.9764276147,0.02357240207
0,5,23,0,0,TRUE,0.9315514565,0.0684485659
0,5,30,0,0,TRUE,0.9998768568,0.0001230759808
0,5,43,0,0,TRUE,0.9914041758,0.00859575998
0,5,47,1,1,TRUE,0.02009311318,0.9799069166
0,5,52,1,1,TRUE,0.00001920242903,0.9999808073
0,5,59,1,1,TRUE,0.00000077012254,0.9999992847
0,5,64,1,1,TRUE,0.00001752306707,0.9999824762
0,5,69,1,1,TRUE,0.02100801282,0.9789919257
0,5,78,0,1,FALSE,0.2413074076,0.7586925626
0,5,83,1,1,TRUE,0.00000004251926455,1
0,5,89,1,1,TRUE,0.0005674822605,0.9994325042
0,5,95,1,1,TRUE,0.002239072463,0.9977608919
0,5,96,0,0,TRUE,0.9103382826,0.08966173977
1,1,5,1,1,TRUE,0.0553028062,0.9446972013
1,1,14,1,1,TRUE,0,1
1,1,19,1,1,TRUE,0.27535519,0.7246448398
1,1,25,0,0,TRUE,0.9999611378,0.00003884192483
1,1,27,0,0,TRUE,0.999763906,0.000236102278
1,1,36,0,0,TRUE,0.9996247292,0.0003752662742
1,1,44,1,0,FALSE,0.7516431212,0.2483568341
1,1,49,1,1,TRUE,0.0000002374335253,0.9999997616
1,1,54,1,1,TRUE,0.02041580901,0.9795841575
1,1,56,0,1,FALSE,0.02350874059,0.9764912724
1,1,66,1,1,TRUE,0,1
1,1,72,1,1,TRUE,0.05569094047,0.9443090558
1,1,79,0,0,TRUE,0.9292753935,0.07072456926
1,1,84,1,0,FALSE,0.8323592544,0.1676407605
1,1,90,0,0,TRUE,0.9998120666,0.0001879697666
1,1,92,1,0,FALSE,0.9540597796,0.04594017938
1,1,98,1,1,TRUE,0.01836340874,0.9816365838
1,1,119,0,0,TRUE,0.9999797344,0.00002023640263
1,2,9,1,1,TRUE,0.0000005462133004,0.999999404
1,2,16,1,1,TRUE,0.001593069406,0.9984069467
1,2,26,0,1,FALSE,0.0266996529,0.9733003378
1,2,32,1,1,TRUE,0.1206547841,0.8793452382
1,2,40,1,1,TRUE,0.000006935867532,0.9999930859
1,2,45,0,0,TRUE,0.9278430939,0.07215692103
1,2,50,1,1,TRUE,0.01009163447,0.9899083376
1,2,55,1,1,TRUE,0.0000000004206186788,1
1,2,60,1,1,TRUE,0.02875707299,0.9712429643
1,2,67,1,1,TRUE,0.00000827652002,0.9999917746
1,2,73,1,1,TRUE,0.0001016854803,0.9998983145
1,2,82,0,0,TRUE,0.9999910593,0.000008958642866
1,2,86,0,0,TRUE,0.9456988573,0.05430119112
1,2,91,1,1,TRUE,0.0003386771132,0.9996613264
1,2,99,1,1,TRUE,0.000001132878879,0.9999988079
1,2,101,1,1,TRUE,0.000003519768597,0.9999964237
1,2,109,0,0,TRUE,0.9959112406,0.004088821355
1,2,110,0,0,TRUE,0.9997959733,0.0002040098916
1,2,111,0,0,TRUE,0.8182138801,0.181786105
1,3,7,1,1,TRUE,0,1
1,3,15,1,1,TRUE,0.02191374451,0.9780862927
1,3,22,0,0,TRUE,0.9999927282,0.00000724703159
1,3,28,0,0,TRUE,0.9999831915,0.00001675069325
1,3,38,1,1,TRUE,0.000001682363745,0.9999983311
1,3,41,1,1,TRUE,0.0000002440289109,0.9999997616
1,3,46,0,1,FALSE,0.0006062923931,0.9993937016
1,3,51,1,1,TRUE,0.01433100179,0.9856690168
1,3,57,1,1,TRUE,0.00000003362338319,1
1,3,61,1,1,TRUE,0.0719595775,0.9280405045
1,3,68,1,1,TRUE,0.0000283573936,0.9999716282
1,3,75,1,1,TRUE,0.4697873592,0.5302125812
1,3,85,0,0,TRUE,0.99745363,0.002546400763
1,3,87,1,1,TRUE,0.0000007912415754,0.9999991655
1,3,93,0,0,TRUE,0.9948904514,0.005109582562
1,3,100,1,1,TRUE,0.00002022669833,0.9999797344
1,3,104,1,1,TRUE,0.00000006997843371,0.9999998808
1,3,107,0,0,TRUE,0.9999982119,0.000001766461196
1,3,108,0,0,TRUE,0.9996997118,0.0003002668964
1,4,3,1,1,TRUE,0.03386360034,0.9661363959
1,4,11,1,1,TRUE,0.1674901247,0.8325098157
1,4,17,1,1,TRUE,0.0001512898598,0.9998487234
1,4,21,0,0,TRUE,0.7312564254,0.2687435746
1,4,24,0,0,TRUE,0.9999527931,0.00004714701936
1,4,34,0,0,TRUE,0.9974393845,0.002560605295
1,4,42,1,1,TRUE,0.0006487511564,0.9993512034
1,4,48,1,1,TRUE,0.0001855998416,0.9998144507
1,4,53,0,0,TRUE,0.9963971972,0.003602868877
1,4,58,1,1,TRUE,0.0001332374522,0.999866724
1,4,63,1,1,TRUE,0.0000165481888,0.9999834299
1,4,70,1,1,TRUE,0.01011623908,0.9898837805
1,4,77,0,1,FALSE,0.06307597458,0.9369240403
1,4,80,1,1,TRUE,0.00000001250702031,1
1,4,88,1,1,TRUE,0.0564693287,0.9435307384
1,4,94,0,0,TRUE,0.7632415295,0.2367584854
1,4,97,1,1,TRUE,0.01469707955,0.9853029251
1,4,106,1,1,TRUE,0.0000001397951337,0.9999998808
1,4,118,0,0,TRUE,0.998960495,0.001039547729
1,5,1,1,0,FALSE,0.964294076,0.03570597619
1,5,2,0,0,TRUE,0.9999849796,0.00001499357222
1,5,4,0,0,TRUE,0.9997047782,0.000295239035
1,5,12,1,1,TRUE,0.01694752462,0.9830524921
1,5,18,1,0,FALSE,0.9977477193,0.002252237173
1,5,23,0,0,TRUE,0.9972372055,0.002762738382
1,5,30,0,0,TRUE,0.9999924898,0.000007556142009
1,5,43,0,0,TRUE,0.9371271133,0.0628728494
1,5,47,1,1,TRUE,0.4693160653,0.5306839943
1,5,52,1,1,TRUE,0.000001776372642,0.9999982119
1,5,59,1,1,TRUE,0.00000002441657365,1
1,5,64,1,1,TRUE,0.0000475127963,0.9999524355
1,5,69,1,1,TRUE,0.01643156074,0.9835683703
1,5,78,0,1,FALSE,0.1125127822,0.8874871731
1,5,83,1,1,TRUE,0.0000001168454276,0.9999998808
1,5,89,1,1,TRUE,0.165949598,0.8340504169
1,5,95,1,1,TRUE,0.00002528717596,0.9999747276
1,5,96,0,0,TRUE,0.9125452638,0.08745468408
2,1,5,1,1,TRUE,0.0001553112379,0.9998446703
2,1,14,1,1,TRUE,2.73E-08,1
2,1,19,1,1,TRUE,0.1964497566,0.8035502434
2,1,25,0,0,TRUE,0.9999426603,5.73E-05
2,1,27,0,0,TRUE,0.9989811778,0.001018838142
2,1,36,0,0,TRUE,0.9984036088,0.001596420654
2,1,44,1,1,TRUE,0.04635095596,0.953649044
2,1,49,1,1,TRUE,1.41E-05,0.9999859333
2,1,54,1,1,TRUE,0.06997984648,0.9300201535
2,1,56,0,1,FALSE,0.2416604608,0.7583395243
2,1,66,1,1,TRUE,6.17E-07,0.999999404
2,1,72,1,1,TRUE,0.004224129487,0.9957758784
2,1,79,0,0,TRUE,0.9885409474,0.01145910844
2,1,84,1,0,FALSE,0.613360405,0.3866396248
2,1,90,0,0,TRUE,0.999545157,0.000454810739
2,1,92,1,1,TRUE,0.2371696234,0.7628304362
2,1,98,1,1,TRUE,0.001094700419,0.9989053011
2,1,119,0,0,TRUE,0.9999636412,3.63E-05
2,2,9,1,1,TRUE,3.47E-08,1
2,2,16,1,1,TRUE,0.003774136771,0.9962258339
2,2,26,0,1,FALSE,0.04329369962,0.9567062259
2,2,32,1,0,FALSE,0.6156596541,0.3843402863
2,2,40,1,1,TRUE,1.16E-06,0.9999988079
2,2,45,0,0,TRUE,0.9125905633,0.08740948141
2,2,50,1,1,TRUE,0.003965591546,0.9960344434
2,2,55,1,1,TRUE,9.19E-11,1
2,2,60,1,1,TRUE,0.0702374801,0.9297625422
2,2,67,1,1,TRUE,5.74E-06,0.999994278
2,2,73,1,1,TRUE,0.0001857211028,0.9998143315
2,2,82,0,0,TRUE,0.9997859597,0.0002140154393
2,2,86,0,0,TRUE,0.567178607,0.4328214228
2,2,91,1,1,TRUE,3.93E-05,0.9999606609
2,2,99,1,1,TRUE,2.19E-07,0.9999997616
2,2,101,1,1,TRUE,1.62E-05,0.9999837875
2,2,109,0,0,TRUE,0.9909034371,0.009096518159
2,2,110,0,0,TRUE,0.9995723367,0.0004276919935
2,2,111,0,1,FALSE,0.06749027222,0.9325097799
2,3,7,1,1,TRUE,1.09E-08,1
2,3,15,1,1,TRUE,0.1000240967,0.8999758959
2,3,22,0,0,TRUE,0.999682188,0.0003178131301
2,3,28,0,0,TRUE,0.9998534918,0.0001464666129
2,3,38,1,1,TRUE,0.0001208103495,0.9998791218
2,3,41,1,1,TRUE,2.83E-05,0.9999716282
2,3,46,0,1,FALSE,0.006090082228,0.993909955
2,3,51,1,1,TRUE,0.02767376043,0.9723262787
2,3,57,1,1,TRUE,5.55E-06,0.9999943972
2,3,61,1,1,TRUE,0.001360876951,0.9986391664
2,3,68,1,1,TRUE,2.09E-05,0.9999791384
2,3,75,1,1,TRUE,0.001261280733,0.9987387061
2,3,85,0,0,TRUE,0.9902335405,0.009766438045
2,3,87,1,1,TRUE,2.36E-06,0.9999976158
2,3,93,0,0,TRUE,0.9769485593,0.02305147797
2,3,100,1,1,TRUE,6.12E-06,0.9999939203
2,3,104,1,1,TRUE,9.12E-07,0.9999990463
2,3,107,0,0,TRUE,0.9999831915,1.68E-05
2,3,108,0,0,TRUE,0.9989356399,0.001064393669
2,4,3,1,1,TRUE,0.1240767464,0.8759232163
2,4,11,1,0,FALSE,0.9303584099,0.06964156032
2,4,17,1,1,TRUE,0.01398991235,0.9860100746
2,4,21,0,0,TRUE,0.8845629096,0.11543715
2,4,24,0,0,TRUE,0.9999445677,5.55E-05
2,4,34,0,0,TRUE,0.999936223,6.37E-05
2,4,42,1,1,TRUE,0.01099237334,0.9890075922
2,4,48,1,1,TRUE,0.001729887095,0.998270154
2,4,53,0,0,TRUE,0.929672122,0.0703279525
2,4,58,1,1,TRUE,0.0003859984863,0.9996140599
2,4,63,1,1,TRUE,0.00138207979,0.9986178875
2,4,70,1,1,TRUE,0.2610155046,0.7389845252
2,4,77,0,0,TRUE,0.6758515835,0.3241484463
2,4,80,1,1,TRUE,0.0135779148,0.9864220619
2,4,88,1,1,TRUE,0.04734853655,0.9526515007
2,4,94,0,1,FALSE,0.2853487432,0.7146512866
2,4,97,1,1,TRUE,0.2801140547,0.7198859453
2,4,106,1,1,TRUE,3.86E-05,0.9999613762
2,4,118,0,0,TRUE,0.9998697042,0.0001302795426
2,5,1,1,1,TRUE,0.2474558651,0.7525441647
2,5,2,0,0,TRUE,0.9999551773,4.48E-05
2,5,4,0,1,FALSE,0.1703727245,0.8296272755
2,5,12,1,1,TRUE,0.0008423846448,0.9991576672
2,5,18,1,0,FALSE,0.9682893157,0.03171065077
2,5,23,0,0,TRUE,0.9990315437,0.0009684879915
2,5,30,0,0,TRUE,0.9999357462,6.42E-05
2,5,43,0,0,TRUE,0.9934892654,0.006510715932
2,5,47,1,1,TRUE,0.4846095741,0.5153904557
2,5,52,1,1,TRUE,6.40E-06,0.9999935627
2,5,59,1,1,TRUE,1.42E-07,0.9999998808
2,5,64,1,1,TRUE,3.36E-05,0.999966383
2,5,69,1,1,TRUE,0.0001018942567,0.9998980761
2,5,78,0,0,TRUE,0.5756206512,0.424379319
2,5,83,1,1,TRUE,9.79E-08,0.9999998808
2,5,89,1,1,TRUE,1.02E-05,0.9999898672
2,5,95,1,1,TRUE,0.0007549141883,0.9992451668
2,5,96,0,0,TRUE,0.563996315,0.4360037446
3,1,5,1,1,TRUE,2.04E-06,0.9999979734
3,1,14,1,1,TRUE,6.69E-13,1
3,1,19,1,1,TRUE,0.02003987879,0.9799601436
3,1,25,0,0,TRUE,0.9998794794,0.0001205633962
3,1,27,0,0,TRUE,0.9772942066,0.02270576358
3,1,36,0,0,TRUE,0.9973934889,0.002606465714
3,1,44,1,1,TRUE,0.1415687203,0.8584313393
3,1,49,1,1,TRUE,1.95E-07,0.9999997616
3,1,54,1,1,TRUE,0.01571129262,0.9842886329
3,1,56,0,1,FALSE,0.06866133958,0.9313386083
3,1,66,1,1,TRUE,1.67E-11,1
3,1,72,1,1,TRUE,0.009314706549,0.9906852841
3,1,79,0,0,TRUE,0.994474709,0.005525289103
3,1,84,1,1,TRUE,0.4808632433,0.5191367865
3,1,90,0,0,TRUE,0.9999551773,4.48E-05
3,1,92,1,1,TRUE,0.01102771144,0.9889722466
3,1,98,1,1,TRUE,1.35E-05,0.9999865294
3,1,119,0,0,TRUE,0.999987483,1.26E-05
3,2,9,1,1,TRUE,6.70E-07,0.9999992847
3,2,16,1,1,TRUE,0.003436289262,0.9965637326
3,2,26,0,1,FALSE,0.02474702708,0.9752529263
3,2,32,1,0,FALSE,0.8416652083,0.1583348066
3,2,40,1,1,TRUE,2.05E-05,0.999979496
3,2,45,0,1,FALSE,0.221131295,0.7788687348
3,2,50,1,1,TRUE,0.005650405772,0.9943496585
3,2,55,1,1,TRUE,6.34E-09,1
3,2,60,1,1,TRUE,0.1087268516,0.8912732005
3,2,67,1,1,TRUE,7.08E-05,0.9999291897
3,2,73,1,1,TRUE,0.000556973624,0.9994429946
3,2,82,0,0,TRUE,0.9982556701,0.001744338311
3,2,86,0,1,FALSE,0.1100553721,0.889944613
3,2,91,1,1,TRUE,0.0002228665981,0.9997771382
3,2,99,1,1,TRUE,5.18E-06,0.999994874
3,2,101,1,1,TRUE,0.0002456929942,0.99975425
3,2,109,0,0,TRUE,0.9268012643,0.07319877297
3,2,110,0,1,FALSE,0.4437110126,0.5562890172
3,2,111,0,0,TRUE,0.6459453702,0.3540546596
3,3,7,1,1,TRUE,3.12E-08,1
3,3,15,1,0,FALSE,0.6379221678,0.3620777726
3,3,22,0,0,TRUE,0.9918217063,0.008178296499
3,3,28,0,0,TRUE,0.9925169349,0.007483102381
3,3,38,1,1,TRUE,0.002582355635,0.9974176884
3,3,41,1,1,TRUE,1.57E-05,0.9999842644
3,3,46,0,1,FALSE,0.04369398952,0.9563059807
3,3,51,1,1,TRUE,0.3356752992,0.6643247008
3,3,57,1,1,TRUE,1.79E-05,0.9999821186
3,3,61,1,1,TRUE,0.04808494076,0.9519150853
3,3,68,1,1,TRUE,2.62E-05,0.999973774
3,3,75,1,1,TRUE,0.007805438247,0.9921945333
3,3,85,0,0,TRUE,0.9989743233,0.001025711186
3,3,87,1,1,TRUE,1.90E-06,0.9999980927
3,3,93,0,0,TRUE,0.9932410717,0.006758919451
3,3,100,1,1,TRUE,8.12E-08,0.9999998808
3,3,104,1,1,TRUE,2.75E-06,0.9999972582
3,3,107,0,0,TRUE,0.9986376166,0.001362316776
3,3,108,0,0,TRUE,0.9652714729,0.03472848237
3,4,3,1,1,TRUE,0.0005681244074,0.9994319081
3,4,11,1,1,TRUE,0.2121438235,0.7878561616
3,4,17,1,1,TRUE,0.01464553829,0.9853544235
3,4,21,0,0,TRUE,0.9655095935,0.03449041769
3,4,24,0,0,TRUE,0.999373138,0.0006269263104
3,4,34,0,0,TRUE,0.9999397993,6.01E-05
3,4,42,1,1,TRUE,0.000381696329,0.9996182919
3,4,48,1,1,TRUE,0.0005200330052,0.9994799495
3,4,53,0,0,TRUE,0.9972772002,0.002722758334
3,4,58,1,1,TRUE,1.06E-05,0.9999893904
3,4,63,1,1,TRUE,1.96E-05,0.9999804497
3,4,70,1,1,TRUE,0.09554347396,0.9044564962
3,4,77,0,0,TRUE,0.9564009309,0.04359908774
3,4,80,1,1,TRUE,8.21E-08,0.9999998808
3,4,88,1,1,TRUE,0.08314400166,0.9168559909
3,4,94,0,0,TRUE,0.9241325259,0.07586747408
3,4,97,1,0,FALSE,0.740627408,0.2593726516
3,4,106,1,1,TRUE,3.56E-06,0.9999964237
3,4,118,0,0,TRUE,0.9997727275,0.0002273071877
3,5,1,1,1,TRUE,0.0130712036,0.9869288206
3,5,2,0,0,TRUE,0.9999474287,5.26E-05
3,5,4,0,1,FALSE,0.3722515106,0.6277484894
3,5,12,1,1,TRUE,0.04083063826,0.9591693282
3,5,18,1,0,FALSE,0.6973156333,0.3026843667
3,5,23,0,0,TRUE,0.9988386035,0.001161380555
3,5,30,0,0,TRUE,0.9998059869,0.0001940393413
3,5,43,0,0,TRUE,0.9717299938,0.02826998755
3,5,47,1,1,TRUE,0.1904562414,0.8095437288
3,5,52,1,1,TRUE,1.38E-05,0.9999861717
3,5,59,1,1,TRUE,1.46E-07,0.9999998808
3,5,64,1,1,TRUE,0.0001117482971,0.9998881817
3,5,69,1,1,TRUE,0.00258547673,0.9974144697
3,5,78,0,0,TRUE,0.7631363273,0.2368636876
3,5,83,1,1,TRUE,2.33E-06,0.9999976158
3,5,89,1,1,TRUE,0.002370211063,0.9976297617
3,5,95,1,1,TRUE,0.00062620471,0.9993738532
3,5,96,0,1,FALSE,0.3190300763,0.6809698939
4,1,5,1,1,TRUE,9.02E-07,0.9999990463
4,1,14,1,1,TRUE,5.14E-09,1
4,1,19,1,1,TRUE,0.0004580238019,0.9995419979
4,1,25,0,0,TRUE,0.9995587468,0.0004412230628
4,1,27,0,0,TRUE,0.9931382537,0.006861733273
4,1,36,0,0,TRUE,0.9999109507,8.90E-05
4,1,44,1,1,TRUE,0.004924038891,0.9950760007
4,1,49,1,1,TRUE,2.80E-07,0.9999997616
4,1,54,1,1,TRUE,0.01667656004,0.9833233953
4,1,56,0,1,FALSE,0.0001641294075,0.9998358488
4,1,66,1,1,TRUE,6.37E-10,1
4,1,72,1,1,TRUE,0.002700519981,0.9972994924
4,1,79,0,0,TRUE,0.998085618,0.001914437278
4,1,84,1,1,TRUE,0.001008090912,0.9989919066
4,1,90,0,0,TRUE,0.999864459,0.0001355649874
4,1,92,1,0,FALSE,0.892598927,0.1074010581
4,1,98,1,1,TRUE,0.0007982707466,0.999201715
4,1,119,0,0,TRUE,0.9999960661,3.95E-06
4,2,9,1,1,TRUE,1.50E-05,0.9999849796
4,2,16,1,1,TRUE,0.137611106,0.8623888493
4,2,26,0,1,FALSE,0.1787702143,0.8212298155
4,2,32,1,1,TRUE,0.1110809818,0.8889190555
4,2,40,1,1,TRUE,9.13E-06,0.9999908209
4,2,45,0,1,FALSE,0.1598002166,0.8401998281
4,2,50,1,1,TRUE,0.03347299248,0.9665270448
4,2,55,1,1,TRUE,4.53E-08,1
4,2,60,1,1,TRUE,0.4628837407,0.5371162295
4,2,67,1,1,TRUE,0.0005081906565,0.9994918108
4,2,73,1,1,TRUE,0.009602366947,0.9903976917
4,2,82,0,0,TRUE,0.9998918772,0.0001080737711
4,2,86,0,0,TRUE,0.9329268932,0.06707306951
4,2,91,1,1,TRUE,0.001819947385,0.9981800318
4,2,99,1,1,TRUE,7.39E-05,0.9999260902
4,2,101,1,1,TRUE,0.002449799096,0.9975501895
4,2,109,0,0,TRUE,0.9933880568,0.006611927412
4,2,110,0,0,TRUE,0.9969712496,0.00302875624
4,2,111,0,0,TRUE,0.9924621582,0.007537828293
4,3,7,1,1,TRUE,2.71E-11,1
4,3,15,1,0,FALSE,0.6497629881,0.3502370417
4,3,22,0,0,TRUE,0.9999833107,1.67E-05
4,3,28,0,0,TRUE,0.9998506308,0.0001493096934
4,3,38,1,1,TRUE,0.0001810887043,0.9998189807
4,3,41,1,1,TRUE,2.74E-06,0.9999972582
4,3,46,0,1,FALSE,0.07174061984,0.9282594323
4,3,51,1,0,FALSE,0.7287614942,0.2712385058
4,3,57,1,1,TRUE,1.89E-07,0.9999997616
4,3,61,1,1,TRUE,0.02631229907,0.9736877084
4,3,68,1,1,TRUE,5.12E-05,0.9999488592
4,3,75,1,1,TRUE,0.4914224744,0.5085775256
4,3,85,0,0,TRUE,0.9995606542,0.0004393159761
4,3,87,1,1,TRUE,1.28E-06,0.9999986887
4,3,93,0,1,FALSE,5.23E-05,0.9999477863
4,3,100,1,1,TRUE,5.18E-08,1
4,3,104,1,1,TRUE,8.41E-08,0.9999998808
4,3,107,0,0,TRUE,0.9999946356,5.34E-06
4,3,108,0,0,TRUE,0.9999526739,4.73E-05
4,4,3,1,1,TRUE,7.75E-07,0.9999992847
4,4,11,1,1,TRUE,4.24E-05,0.9999575615
4,4,17,1,1,TRUE,0.0896852836,0.9103146791
4,4,21,0,0,TRUE,0.9962673783,0.003732589073
4,4,24,0,0,TRUE,0.9999653101,3.47E-05
4,4,34,0,0,TRUE,0.9999359846,6.40E-05
4,4,42,1,1,TRUE,1.09E-05,0.9999890327
4,4,48,1,1,TRUE,0.0001024244993,0.9998975992
4,4,53,0,0,TRUE,0.9986966252,0.001303397585
4,4,58,1,1,TRUE,3.19E-06,0.9999967813
4,4,63,1,1,TRUE,9.62E-07,0.9999990463
4,4,70,1,1,TRUE,0.01556839049,0.984431684
4,4,77,0,0,TRUE,0.9897586107,0.01024138741
4,4,80,1,1,TRUE,2.58E-08,1
4,4,88,1,1,TRUE,0.01217376068,0.9878262877
4,4,94,0,0,TRUE,0.9817757607,0.01822422072
4,4,97,1,0,FALSE,0.8648206592,0.1351793408
4,4,106,1,1,TRUE,1.79E-07,0.9999997616
4,4,118,0,0,TRUE,0.9990283251,0.0009716515196
4,5,1,1,1,TRUE,0.1239126101,0.8760874271
4,5,2,0,0,TRUE,0.9999492168,5.08E-05
4,5,4,0,0,TRUE,0.9642854929,0.0357144475
4,5,12,1,1,TRUE,0.0571753867,0.9428246617
4,5,18,1,0,FALSE,0.908200562,0.0917994082
4,5,23,0,0,TRUE,0.9994822145,0.0005177825224
4,5,30,0,0,TRUE,0.9999085665,9.15E-05
4,5,43,0,0,TRUE,0.9947992563,0.005200743675
4,5,47,1,1,TRUE,0.05191151425,0.9480884671
4,5,52,1,1,TRUE,2.33E-06,0.9999976158
4,5,59,1,1,TRUE,2.50E-08,1
4,5,64,1,1,TRUE,3.18E-05,0.9999681711
4,5,69,1,1,TRUE,0.001605996396,0.9983939528
4,5,78,0,0,TRUE,0.9012551308,0.09874487668
4,5,83,1,1,TRUE,4.21E-08,1
4,5,89,1,1,TRUE,0.001130625955,0.9988693595
4,5,95,1,1,TRUE,2.62E-05,0.999973774
4,5,96,0,0,TRUE,0.9429091215,0.05709085241
5,1,5,1,1,TRUE,2.71E-07,0.9999997616
5,1,14,1,1,TRUE,1.07E-10,1
5,1,19,1,1,TRUE,5.93E-05,0.999940753
5,1,25,0,0,TRUE,0.9992315769,0.0007684236625
5,1,27,0,0,TRUE,0.8905132413,0.1094867215
5,1,36,0,0,TRUE,0.9942922592,0.005707703065
5,1,44,1,1,TRUE,0.2492318302,0.7507681251
5,1,49,1,1,TRUE,3.48E-06,0.9999965429
5,1,54,1,1,TRUE,0.01629188098,0.9837080836
5,1,56,0,1,FALSE,0.02358037233,0.9764196873
5,1,66,1,1,TRUE,5.62E-10,1
5,1,72,1,1,TRUE,0.1525866091,0.8474134207
5,1,79,0,0,TRUE,0.9921579361,0.007842109539
5,1,84,1,0,FALSE,0.7329623699,0.2670375407
5,1,90,0,0,TRUE,0.9999492168,5.08E-05
5,1,92,1,1,TRUE,0.09736026078,0.9026396871
5,1,98,1,1,TRUE,0.0003893693793,0.9996106029
5,1,119,0,0,TRUE,0.9999123812,8.76E-05
5,2,9,1,1,TRUE,8.83E-07,0.9999991655
5,2,16,1,1,TRUE,0.05475147814,0.9452485442
5,2,26,0,1,FALSE,0.009581868537,0.9904181361
5,2,32,1,1,TRUE,0.03053260967,0.9694673419
5,2,40,1,1,TRUE,1.37E-06,0.9999985695
5,2,45,0,1,FALSE,0.06526131928,0.934738636
5,2,50,1,1,TRUE,0.01276728604,0.9872326851
5,2,55,1,1,TRUE,7.61E-11,1
5,2,60,1,1,TRUE,0.05890067294,0.9410992861
5,2,67,1,1,TRUE,1.35E-06,0.9999986887
5,2,73,1,1,TRUE,0.00209635077,0.9979037046
5,2,82,0,0,TRUE,0.999981761,1.83E-05
5,2,86,0,1,FALSE,0.0191313494,0.980868578
5,2,91,1,1,TRUE,0.0003649299906,0.9996351004
5,2,99,1,1,TRUE,5.09E-06,0.999994874
5,2,101,1,1,TRUE,1.57E-05,0.9999842644
5,2,109,0,0,TRUE,0.9856129289,0.01438708883
5,2,110,0,0,TRUE,0.9997329116,0.0002670710091
5,2,111,0,1,FALSE,0.04713803157,0.9528619647
5,3,7,1,1,TRUE,3.43E-10,1
5,3,15,1,0,FALSE,0.5335514545,0.4664485455
5,3,22,0,0,TRUE,0.9997912049,0.0002087920875
5,3,28,0,0,TRUE,0.9997449517,0.0002550159115
5,3,38,1,1,TRUE,9.11E-06,0.9999909401
5,3,41,1,1,TRUE,6.89E-06,0.9999930859
5,3,46,0,1,FALSE,0.02963862754,0.970361352
5,3,51,1,1,TRUE,0.006616219413,0.9933837056
5,3,57,1,1,TRUE,1.95E-07,0.9999997616
5,3,61,1,1,TRUE,0.2290393561,0.770960629
5,3,68,1,1,TRUE,0.0005817158963,0.9994182587
5,3,75,1,1,TRUE,0.00121926365,0.998780787
5,3,85,0,0,TRUE,0.9995982051,0.000401768164
5,3,87,1,1,TRUE,8.83E-06,0.9999911785
5,3,93,0,0,TRUE,0.9984172583,0.001582728582
5,3,100,1,1,TRUE,3.41E-05,0.9999659061
5,3,104,1,1,TRUE,6.72E-07,0.9999992847
5,3,107,0,0,TRUE,0.9999557734,4.42E-05
5,3,108,0,0,TRUE,0.9994611144,0.0005388952559
5,4,3,1,1,TRUE,0.0001451830612,0.9998548031
5,4,11,1,1,TRUE,5.65E-08,1
5,4,17,1,1,TRUE,0.01100793201,0.988992095
5,4,21,0,0,TRUE,0.8384546638,0.1615453511
5,4,24,0,0,TRUE,0.9999923706,7.62E-06
5,4,34,0,0,TRUE,0.9999957085,4.24E-06
5,4,42,1,1,TRUE,0.0002477969101,0.9997522235
5,4,48,1,1,TRUE,0.0002388416615,0.9997611642
5,4,53,0,0,TRUE,0.9972339272,0.002766097197
5,4,58,1,1,TRUE,0.0001779946178,0.9998220801
5,4,63,1,1,TRUE,2.36E-06,0.9999976158
5,4,70,1,1,TRUE,0.009210136719,0.9907898903
5,4,77,0,0,TRUE,0.9994847775,0.0005151782534
5,4,80,1,1,TRUE,1.34E-08,1
5,4,88,1,1,TRUE,2.54E-05,0.9999746084
5,4,94,0,0,TRUE,0.9120947123,0.08790529519
5,4,97,1,1,TRUE,0.3068129718,0.693187058
5,4,106,1,1,TRUE,3.85E-07,0.9999996424
5,4,118,0,0,TRUE,0.9999939203,6.10E-06
5,5,1,1,1,TRUE,0.06896010786,0.9310398698
5,5,2,0,0,TRUE,0.9999445677,5.54E-05
5,5,4,0,0,TRUE,0.9899230599,0.01007698849
5,5,12,1,1,TRUE,0.08672554046,0.9132745266
5,5,18,1,1,TRUE,0.01690022089,0.9830998182
5,5,23,0,0,TRUE,0.8416777849,0.1583222151
5,5,30,0,0,TRUE,0.9998574257,0.0001425424416
5,5,43,0,0,TRUE,0.9496780634,0.05032192543
5,5,47,1,1,TRUE,0.07323427498,0.9267657399
5,5,52,1,1,TRUE,4.00E-05,0.9999599457
5,5,59,1,1,TRUE,2.35E-06,0.9999976158
5,5,64,1,1,TRUE,8.18E-05,0.9999182224
5,5,69,1,1,TRUE,0.02494864538,0.975051403
5,5,78,0,1,FALSE,0.2257832438,0.7742167711
5,5,83,1,1,TRUE,2.45E-07,0.9999997616
5,5,89,1,1,TRUE,8.11E-05,0.9999188185
5,5,95,1,1,TRUE,0.000351448165,0.999648571
5,5,96,0,0,TRUE,0.5154979825,0.4845020473
6,1,5,1,1,TRUE,0.006423849147,0.9935761094
6,1,14,1,1,TRUE,5.92E-07,0.999999404
6,1,19,1,1,TRUE,0.04720567539,0.9527943134
6,1,25,0,0,TRUE,0.993036449,0.006963568274
6,1,27,0,0,TRUE,0.8535725474,0.1464274824
6,1,36,0,0,TRUE,0.9751101136,0.0248898603
6,1,44,1,1,TRUE,0.4481958151,0.5518041849
6,1,49,1,1,TRUE,0.0001958107605,0.9998041987
6,1,54,1,1,TRUE,0.08930429071,0.9106957316
6,1,56,0,1,FALSE,0.06376525015,0.9362347126
6,1,66,1,1,TRUE,1.45E-06,0.9999985695
6,1,72,1,1,TRUE,0.01474621333,0.9852537513
6,1,79,0,0,TRUE,0.9837084413,0.01629163139
6,1,84,1,0,FALSE,0.7436674237,0.2563325763
6,1,90,0,0,TRUE,0.9994501472,0.00054985116
6,1,92,1,0,FALSE,0.6086992621,0.3913007379
6,1,98,1,1,TRUE,0.03578011692,0.9642198682
6,1,119,0,0,TRUE,0.9977849126,0.002215153305
6,2,9,1,1,TRUE,0.001226284425,0.9987737536
6,2,16,1,1,TRUE,0.3550710678,0.6449289918
6,2,26,0,1,FALSE,0.01333692111,0.9866631627
6,2,32,1,1,TRUE,0.06110151857,0.9388984442
6,2,40,1,1,TRUE,1.38E-05,0.9999861717
6,2,45,0,1,FALSE,0.2098197341,0.7901803255
6,2,50,1,1,TRUE,0.1477585435,0.8522415161
6,2,55,1,1,TRUE,3.02E-07,0.9999996424
6,2,60,1,1,TRUE,0.3504257798,0.6495742202
6,2,67,1,1,TRUE,6.54E-05,0.9999346733
6,2,73,1,1,TRUE,0.002777583897,0.9972224236
6,2,82,0,0,TRUE,0.9999390841,6.09E-05
6,2,86,0,0,TRUE,0.8913110495,0.108688958
6,2,91,1,1,TRUE,0.0529044494,0.9470955133
6,2,99,1,1,TRUE,0.00011154198,0.9998884201
6,2,101,1,1,TRUE,0.0001336191344,0.9998663664
6,2,109,0,0,TRUE,0.9961825013,0.003817452118
6,2,110,0,0,TRUE,0.9997333884,0.0002665858774
6,2,111,0,1,FALSE,0.04002353549,0.9599764347
6,3,7,1,1,TRUE,6.47E-11,1
6,3,15,1,1,TRUE,0.3860917091,0.6139082313
6,3,22,0,0,TRUE,0.9994714856,0.000528575154
6,3,28,0,0,TRUE,0.9995467067,0.0004532476596
6,3,38,1,1,TRUE,3.28E-05,0.9999670982
6,3,41,1,1,TRUE,9.76E-06,0.9999902248
6,3,46,0,1,FALSE,0.009776505642,0.9902234674
6,3,51,1,1,TRUE,0.07124747336,0.9287525415
6,3,57,1,1,TRUE,1.58E-07,0.9999998808
6,3,61,1,1,TRUE,0.02891632915,0.9710836411
6,3,68,1,1,TRUE,2.54E-05,0.9999746084
6,3,75,1,1,TRUE,0.003404761897,0.9965952039
6,3,85,0,0,TRUE,0.9962328076,0.003767249873
6,3,87,1,1,TRUE,8.39E-07,0.9999991655
6,3,93,0,0,TRUE,0.9884258509,0.01157413237
6,3,100,1,1,TRUE,5.81E-05,0.9999419451
6,3,104,1,1,TRUE,1.23E-07,0.9999998808
6,3,107,0,0,TRUE,0.9998211265,0.0001788452209
6,3,108,0,0,TRUE,0.9978957176,0.002104257932
6,4,3,1,1,TRUE,7.92E-05,0.999920845
6,4,11,1,1,TRUE,0.002587889554,0.9974121451
6,4,17,1,1,TRUE,0.006306990981,0.9936929941
6,4,21,0,0,TRUE,0.9797111154,0.02028883062
6,4,24,0,0,TRUE,0.9994675517,0.0005324928788
6,4,34,0,0,TRUE,0.9999467134,5.33E-05
6,4,42,1,1,TRUE,6.03E-05,0.9999397993
6,4,48,1,1,TRUE,0.0001741516753,0.9998258948
6,4,53,0,0,TRUE,0.998742044,0.001257939497
6,4,58,1,1,TRUE,2.36E-06,0.9999976158
6,4,63,1,1,TRUE,9.36E-07,0.9999990463
6,4,70,1,1,TRUE,0.1957773268,0.804222703
6,4,77,0,0,TRUE,0.9386047125,0.06139531732
6,4,80,1,1,TRUE,9.35E-08,0.9999998808
6,4,88,1,1,TRUE,0.01591761597,0.9840824604
6,4,94,0,0,TRUE,0.9270855784,0.07291438431
6,4,97,1,0,FALSE,0.7409140468,0.2590859234
6,4,106,1,1,TRUE,6.46E-08,0.9999998808
6,4,118,0,0,TRUE,0.9985306263,0.001469329465
6,5,1,1,1,TRUE,0.06853075325,0.9314692616
6,5,2,0,0,TRUE,0.9993255138,0.0006744542625
6,5,4,0,0,TRUE,0.8866451383,0.1133549213
6,5,12,1,1,TRUE,0.001137000392,0.9988629818
6,5,18,1,0,FALSE,0.93758744,0.06241251901
6,5,23,0,0,TRUE,0.9131589532,0.08684102446
6,5,30,0,0,TRUE,0.9996190071,0.0003809572954
6,5,43,0,0,TRUE,0.9807883501,0.0192116946
6,5,47,1,1,TRUE,0.2878212929,0.7121787071
6,5,52,1,1,TRUE,3.51E-05,0.9999648333
6,5,59,1,1,TRUE,1.44E-07,0.9999998808
6,5,64,1,1,TRUE,8.14E-05,0.9999185801
6,5,69,1,1,TRUE,0.003925026394,0.9960749745
6,5,78,0,1,FALSE,0.1893488914,0.8106511235
6,5,83,1,1,TRUE,7.15E-08,0.9999998808
6,5,89,1,1,TRUE,0.001602997421,0.9983969331
6,5,95,1,1,TRUE,0.0004780634481,0.9995219707
6,5,96,0,0,TRUE,0.92293787,0.07706218213
7,1,5,1,1,TRUE,7.05E-09,1
7,1,14,1,1,TRUE,2.47E-11,1
7,1,19,1,1,TRUE,0.0001175561192,0.9998824596
7,1,25,0,0,TRUE,0.9999190569,8.09E-05
7,1,27,0,0,TRUE,0.9990567565,0.0009431994404
7,1,36,0,0,TRUE,0.9998352528,0.0001646655001
7,1,44,1,1,TRUE,0.0004997657961,0.9995002747
7,1,49,1,1,TRUE,2.61E-07,0.9999997616
7,1,54,1,1,TRUE,0.02223169431,0.9777683616
7,1,56,0,1,FALSE,0.09797093272,0.9020290971
7,1,66,1,1,TRUE,2.62E-11,1
7,1,72,1,1,TRUE,0.09568458796,0.904315412
7,1,79,0,0,TRUE,0.9986199141,0.001380116097
7,1,84,1,1,TRUE,0.417425096,0.582574904
7,1,90,0,0,TRUE,0.9999821186,1.78E-05
7,1,92,1,1,TRUE,0.1133492962,0.8866507411
7,1,98,1,1,TRUE,2.78E-05,0.9999722242
7,1,119,0,0,TRUE,0.9999996424,4.11E-07
7,2,9,1,1,TRUE,1.40E-06,0.9999985695
7,2,16,1,1,TRUE,0.1906978637,0.8093021512
7,2,26,0,1,FALSE,0.01420088857,0.9857990742
7,2,32,1,0,FALSE,0.6709722281,0.3290277719
7,2,40,1,1,TRUE,9.88E-06,0.9999901056
7,2,45,0,0,TRUE,0.9740977287,0.02590226196
7,2,50,1,1,TRUE,0.007229984272,0.9927700162
7,2,55,1,1,TRUE,2.85E-09,1
7,2,60,1,1,TRUE,0.1716388464,0.8283611536
7,2,67,1,1,TRUE,5.39E-05,0.9999461174
7,2,73,1,1,TRUE,0.0001541146776,0.9998458624
7,2,82,0,0,TRUE,0.9998272061,0.0001727961499
7,2,86,0,1,FALSE,0.4238749743,0.5761250257
7,2,91,1,1,TRUE,5.74E-05,0.9999425411
7,2,99,1,1,TRUE,3.13E-05,0.999968648
7,2,101,1,1,TRUE,0.0004494302266,0.9995505214
7,2,109,0,0,TRUE,0.8365846872,0.1634153128
7,2,110,0,0,TRUE,0.9991778731,0.0008221070166
7,2,111,0,0,TRUE,0.6969177723,0.3030822277
7,3,7,1,1,TRUE,1.21E-09,1
7,3,15,1,0,FALSE,0.985288322,0.01471160725
7,3,22,0,0,TRUE,0.999779284,0.0002206881763
7,3,28,0,0,TRUE,0.9997246861,0.0002753445006
7,3,38,1,1,TRUE,0.0001734084944,0.9998266101
7,3,41,1,1,TRUE,3.00E-05,0.9999699593
7,3,46,0,1,FALSE,0.01545941643,0.9845406413
7,3,51,1,1,TRUE,0.2418987751,0.7581012845
7,3,57,1,1,TRUE,3.42E-06,0.9999965429
7,3,61,1,1,TRUE,0.035182897,0.9648171067
7,3,68,1,1,TRUE,0.0001953851752,0.9998046756
7,3,75,1,1,TRUE,0.004474714398,0.9955253005
7,3,85,0,0,TRUE,0.9996275902,0.0003724365088
7,3,87,1,1,TRUE,6.75E-06,0.9999932051
7,3,93,0,1,FALSE,0.00527641084,0.9947235584
7,3,100,1,1,TRUE,1.45E-06,0.9999985695
7,3,104,1,1,TRUE,4.26E-06,0.9999957085
7,3,107,0,0,TRUE,0.9996560812,0.0003439020657
7,3,108,0,0,TRUE,0.9998687506,0.0001311961969
7,4,3,1,1,TRUE,0.2584255338,0.7415744662
7,4,11,1,0,FALSE,0.7582663894,0.2417335808
7,4,17,1,1,TRUE,0.06508951634,0.9349105358
7,4,21,0,0,TRUE,0.988458693,0.01154132839
7,4,24,0,0,TRUE,0.9999440908,5.59E-05
7,4,34,0,0,TRUE,0.9999934435,6.51E-06
7,4,42,1,1,TRUE,0.0008091589552,0.9991908669
7,4,48,1,1,TRUE,0.0006827709149,0.9993172884
7,4,53,0,0,TRUE,0.9916621447,0.00833779294
7,4,58,1,1,TRUE,4.80E-06,0.9999952316
7,4,63,1,1,TRUE,8.29E-05,0.9999170303
7,4,70,1,1,TRUE,0.009707045741,0.9902929068
7,4,77,0,0,TRUE,0.7146986127,0.2853012979
7,4,80,1,1,TRUE,1.51E-05,0.9999848604
7,4,88,1,1,TRUE,0.002603499452,0.9973964691
7,4,94,0,1,FALSE,0.3544867933,0.6455131769
7,4,97,1,1,TRUE,0.07073360682,0.9292664528
7,4,106,1,1,TRUE,5.75E-07,0.999999404
7,4,118,0,0,TRUE,0.9999910593,8.94E-06
7,5,1,1,1,TRUE,0.007466221228,0.992533803
7,5,2,0,0,TRUE,0.9998108745,0.0001891697466
7,5,4,0,1,FALSE,0.05695859715,0.9430414438
7,5,12,1,1,TRUE,0.009871369228,0.9901285768
7,5,18,1,0,FALSE,0.6598879695,0.3401120901
7,5,23,0,0,TRUE,0.9863978028,0.0136021534
7,5,30,0,0,TRUE,0.9999306202,6.93E-05
7,5,43,0,0,TRUE,0.9191663265,0.08083365858
7,5,47,1,0,FALSE,0.7333563566,0.2666436136
7,5,52,1,1,TRUE,2.67E-06,0.9999973774
7,5,59,1,1,TRUE,6.04E-07,0.999999404
7,5,64,1,1,TRUE,7.38E-06,0.999992609
7,5,69,1,0,FALSE,0.9719558954,0.02804411016
7,5,78,0,1,FALSE,0.02516328916,0.9748366475
7,5,83,1,1,TRUE,6.55E-08,0.9999998808
7,5,89,1,1,TRUE,0.02827792615,0.9717220068
7,5,95,1,1,TRUE,0.06250344962,0.9374966025
7,5,96,0,0,TRUE,0.7614108324,0.2385891974
8,1,5,1,1,TRUE,5.92E-07,0.999999404
8,1,14,1,1,TRUE,1.72E-10,1
8,1,19,1,1,TRUE,0.007194139063,0.9928058982
8,1,25,0,0,TRUE,0.9999988079,1.16E-06
8,1,27,0,0,TRUE,0.5893915892,0.4106084406
8,1,36,0,0,TRUE,0.9997321963,0.0002677407756
8,1,44,1,1,TRUE,0.07260655612,0.927393496
8,1,49,1,1,TRUE,3.32E-07,0.9999996424
8,1,54,1,1,TRUE,0.02308232524,0.9769176245
8,1,56,0,1,FALSE,0.4893376827,0.5106623173
8,1,66,1,1,TRUE,1.56E-09,1
8,1,72,1,1,TRUE,0.003198973602,0.9968010187
8,1,79,0,0,TRUE,0.9981452227,0.001854743809
8,1,84,1,1,TRUE,0.1793154925,0.8206845522
8,1,90,0,0,TRUE,0.9999848604,1.51E-05
8,1,92,1,1,TRUE,0.008718227036,0.9912817478
8,1,98,1,1,TRUE,0.0001436454768,0.9998563528
8,1,119,0,0,TRUE,0.9999969006,3.12E-06
8,2,9,1,1,TRUE,1.77E-06,0.9999982119
8,2,16,1,1,TRUE,0.2688631117,0.7311369181
8,2,26,0,1,FALSE,0.01591411978,0.9840859175
8,2,32,1,1,TRUE,0.1167385653,0.8832614422
8,2,40,1,1,TRUE,2.94E-06,0.9999970198
8,2,45,0,1,FALSE,0.3869375885,0.6130624413
8,2,50,1,1,TRUE,0.002190613188,0.9978093505
8,2,55,1,1,TRUE,1.38E-10,1
8,2,60,1,1,TRUE,0.08824883401,0.9117510915
8,2,67,1,1,TRUE,0.0001265077444,0.9998735189
8,2,73,1,1,TRUE,0.0001374464919,0.9998625517
8,2,82,0,0,TRUE,0.9994193316,0.0005807331763
8,2,86,0,1,FALSE,0.008841280825,0.9911586642
8,2,91,1,1,TRUE,5.86E-05,0.999941349
8,2,99,1,1,TRUE,9.91E-08,0.9999998808
8,2,101,1,1,TRUE,0.0001104120092,0.9998896122
8,2,109,0,0,TRUE,0.9942167997,0.005783129483
8,2,110,0,0,TRUE,0.9995174408,0.0004825393844
8,2,111,0,1,FALSE,0.020038357,0.9799616337
8,3,7,1,1,TRUE,1.24E-10,1
8,3,15,1,0,FALSE,0.9552183151,0.04478161409
8,3,22,0,0,TRUE,0.9984472394,0.001552785048
8,3,28,0,0,TRUE,0.9991156459,0.000884329027
8,3,38,1,1,TRUE,6.56E-05,0.9999344349
8,3,41,1,1,TRUE,0.0002487143211,0.9997512698
8,3,46,0,1,FALSE,0.05161675811,0.9483832121
8,3,51,1,1,TRUE,0.02653327771,0.9734666944
8,3,57,1,1,TRUE,7.09E-06,0.9999929667
8,3,61,1,1,TRUE,0.001103804912,0.998896122
8,3,68,1,1,TRUE,0.0002501257113,0.9997498393
8,3,75,1,1,TRUE,0.000608809758,0.9993911982
8,3,85,0,0,TRUE,0.9997702241,0.0002297771134
8,3,87,1,1,TRUE,4.50E-06,0.99999547
8,3,93,0,0,TRUE,0.9843137264,0.01568623446
8,3,100,1,1,TRUE,4.49E-06,0.99999547
8,3,104,1,1,TRUE,1.14E-05,0.9999885559
8,3,107,0,0,TRUE,0.9999568462,4.32E-05
8,3,108,0,0,TRUE,0.9990247488,0.0009752309998
8,4,3,1,1,TRUE,2.64E-05,0.9999736547
8,4,11,1,0,FALSE,0.7528173923,0.2471826226
8,4,17,1,1,TRUE,0.04743237793,0.952567637
8,4,21,0,0,TRUE,0.9878259301,0.01217410434
8,4,24,0,0,TRUE,0.9946883917,0.005311615299
8,4,34,0,0,TRUE,0.9990245104,0.000975512201
8,4,42,1,1,TRUE,0.0004881632049,0.999511838
8,4,48,1,1,TRUE,0.001994695514,0.9980053306
8,4,53,0,0,TRUE,0.9711977839,0.02880218811
8,4,58,1,1,TRUE,5.16E-06,0.999994874
8,4,63,1,1,TRUE,1.90E-05,0.9999810457
8,4,70,1,1,TRUE,0.004869958386,0.9951300621
8,4,77,0,0,TRUE,0.9937360287,0.006263951771
8,4,80,1,1,TRUE,5.06E-08,1
8,4,88,1,0,FALSE,0.5102226138,0.489777416
8,4,94,0,1,FALSE,0.4368768632,0.5631231666
8,4,97,1,1,TRUE,0.4726554453,0.5273446441
8,4,106,1,1,TRUE,3.65E-06,0.9999963045
8,4,118,0,0,TRUE,0.9833599329,0.01664008386
8,5,1,1,0,FALSE,0.8790032864,0.1209966987
8,5,2,0,0,TRUE,0.9998534918,0.0001465111854
8,5,4,0,0,TRUE,0.9871921539,0.01280782837
8,5,12,1,1,TRUE,0.01094952971,0.9890505075
8,5,18,1,0,FALSE,0.884640038,0.1153599396
8,5,23,0,0,TRUE,0.9942808151,0.005719134584
8,5,30,0,0,TRUE,0.9998799562,0.000119999313
8,5,43,0,0,TRUE,0.9925706983,0.007429311518
8,5,47,1,0,FALSE,0.75801754,0.2419824451
8,5,52,1,1,TRUE,8.43E-06,0.9999915361
8,5,59,1,1,TRUE,1.81E-07,0.9999997616
8,5,64,1,1,TRUE,0.0001132937832,0.9998867512
8,5,69,1,1,TRUE,4.21E-05,0.9999579191
8,5,78,0,0,TRUE,0.5092119575,0.4907879829
8,5,83,1,1,TRUE,1.26E-07,0.9999998808
8,5,89,1,1,TRUE,0.0007679412956,0.9992320538
8,5,95,1,1,TRUE,0.0005637906143,0.9994361997
8,5,96,0,0,TRUE,0.8955656886,0.1044342741
9,1,5,1,1,TRUE,1.75E-06,0.9999982119
9,1,14,1,1,TRUE,1.56E-06,0.9999984503
9,1,19,1,1,TRUE,0.3827827573,0.6172172427
9,1,25,0,0,TRUE,0.9999438524,5.62E-05
9,1,27,0,0,TRUE,0.9989247918,0.001075125183
9,1,36,0,0,TRUE,0.999551475,0.0004485092359
9,1,44,1,1,TRUE,0.1350266784,0.8649733067
9,1,49,1,1,TRUE,2.15E-06,0.9999978542
9,1,54,1,1,TRUE,0.005121560767,0.9948784113
9,1,56,0,0,TRUE,0.7630001903,0.2369998097
9,1,66,1,1,TRUE,2.83E-08,1
9,1,72,1,0,FALSE,0.7365654707,0.2634345293
9,1,79,0,0,TRUE,0.9928879142,0.007112159859
9,1,84,1,0,FALSE,0.8501749039,0.1498251259
9,1,90,0,0,TRUE,0.9965907335,0.003409230383
9,1,92,1,0,FALSE,0.7688004971,0.2311995327
9,1,98,1,1,TRUE,0.01746322773,0.9825367332
9,1,119,0,0,TRUE,0.9998514652,0.0001485165267
9,2,9,1,1,TRUE,2.22E-06,0.999997735
9,2,16,1,1,TRUE,0.1070593968,0.8929405808
9,2,26,0,1,FALSE,0.03634816036,0.9636518955
9,2,32,1,0,FALSE,0.5653705597,0.4346294403
9,2,40,1,1,TRUE,1.25E-05,0.999987483
9,2,45,0,1,FALSE,0.3762949109,0.6237050891
9,2,50,1,1,TRUE,0.007373674307,0.992626369
9,2,55,1,1,TRUE,4.38E-09,1
9,2,60,1,1,TRUE,0.2303848565,0.7696151137
9,2,67,1,1,TRUE,0.0001359404996,0.9998639822
9,2,73,1,1,TRUE,0.00199699495,0.9980029464
9,2,82,0,0,TRUE,0.9990438819,0.0009561253828
9,2,86,0,1,FALSE,0.415329814,0.584670186
9,2,91,1,1,TRUE,0.0006979922182,0.9993020296
9,2,99,1,1,TRUE,2.31E-05,0.9999768734
9,2,101,1,1,TRUE,0.000303876237,0.9996961355
9,2,109,0,0,TRUE,0.7870513797,0.2129485756
9,2,110,0,0,TRUE,0.9985652566,0.001434810576
9,2,111,0,0,TRUE,0.7593587637,0.2406412363
9,3,7,1,1,TRUE,1.53E-09,1
9,3,15,1,1,TRUE,0.01952805184,0.980471909
9,3,22,0,0,TRUE,0.9999965429,3.51E-06
9,3,28,0,0,TRUE,0.999892354,0.0001076511471
9,3,38,1,1,TRUE,1.17E-05,0.9999883175
9,3,41,1,1,TRUE,9.21E-06,0.9999908209
9,3,46,0,1,FALSE,0.01154722646,0.9884527326
9,3,51,1,1,TRUE,0.1871399432,0.8128600121
9,3,57,1,1,TRUE,2.94E-07,0.9999997616
9,3,61,1,1,TRUE,0.4426487088,0.5573512316
9,3,68,1,1,TRUE,0.0004540037771,0.9995459914
9,3,75,1,1,TRUE,0.02048103325,0.97951895
9,3,85,0,0,TRUE,0.997212708,0.002787268721
9,3,87,1,1,TRUE,5.05E-06,0.9999949932
9,3,93,0,0,TRUE,0.8901097775,0.1098902524
9,3,100,1,1,TRUE,2.68E-06,0.9999973774
9,3,104,1,1,TRUE,5.03E-07,0.9999995232
9,3,107,0,0,TRUE,0.999994874,5.08E-06
9,3,108,0,0,TRUE,0.9999855757,1.45E-05
9,4,3,1,1,TRUE,0.0008760906057,0.9991238713
9,4,11,1,0,FALSE,0.9775535464,0.02244650014
9,4,17,1,1,TRUE,0.1755028069,0.8244972229
9,4,21,0,0,TRUE,0.9928949475,0.007105010562
9,4,24,0,0,TRUE,0.9999985695,1.44E-06
9,4,34,0,0,TRUE,0.9999997616,1.82E-07
9,4,42,1,1,TRUE,0.007062597666,0.992937386
9,4,48,1,1,TRUE,5.82E-05,0.9999418259
9,4,53,0,0,TRUE,0.9965830445,0.00341692986
9,4,58,1,1,TRUE,4.49E-07,0.9999995232
9,4,63,1,1,TRUE,0.0001723340974,0.9998276234
9,4,70,1,0,FALSE,0.6285111904,0.3714887798
9,4,77,0,0,TRUE,0.9999855757,1.44E-05
9,4,80,1,1,TRUE,2.98E-07,0.9999996424
9,4,88,1,1,TRUE,0.3470855355,0.6529144049
9,4,94,0,1,FALSE,0.1084799394,0.8915200233
9,4,97,1,1,TRUE,0.01839496009,0.9816049933
9,4,106,1,1,TRUE,3.97E-07,0.9999996424
9,4,118,0,0,TRUE,0.9999972582,2.79E-06
9,5,1,1,1,TRUE,0.01356373169,0.9864363074
9,5,2,0,0,TRUE,0.999946475,5.35E-05
9,5,4,0,0,TRUE,0.997220993,0.002778984141
9,5,12,1,1,TRUE,0.00011563109,0.999884367
9,5,18,1,0,FALSE,0.6460087299,0.3539912403
9,5,23,0,0,TRUE,0.9990234375,0.0009765573777
9,5,30,0,0,TRUE,0.9992887974,0.0007111483137
9,5,43,0,0,TRUE,0.9889978766,0.01100214012
9,5,47,1,1,TRUE,2.91E-05,0.9999709129
9,5,52,1,1,TRUE,7.18E-05,0.999928236
9,5,59,1,1,TRUE,8.35E-08,0.9999998808
9,5,64,1,1,TRUE,0.0003543432395,0.9996455908
9,5,69,1,1,TRUE,0.4267860651,0.5732138753
9,5,78,0,0,TRUE,0.5197764039,0.4802235961
9,5,83,1,1,TRUE,8.30E-08,0.9999998808
9,5,89,1,1,TRUE,0.001573907677,0.9984260798
9,5,95,1,1,TRUE,0.002094107214,0.9979058504
9,5,96,0,1,FALSE,0.1562276781,0.8437722921